{
  "episode": [
    250,
    500,
    750,
    1000,
    1250,
    1500,
    1750,
    2000,
    2250,
    2500,
    2750,
    3000,
    3250,
    3500,
    3750,
    4000,
    4250,
    4500,
    4750,
    5000
  ],
  "train_pnl": [
    -5.9889,
    -5.5189,
    -7.0385,
    -7.9839,
    -6.7031,
    -7.7525,
    -7.8422,
    -7.2619,
    -7.4874,
    -7.4897,
    -6.7666,
    -5.9045,
    -7.0206,
    -5.5845,
    -6.671,
    -6.684,
    -4.8966,
    -5.472,
    -8.6925,
    -5.9874
  ],
  "eval_mean": [
    -6.0912,
    -6.0403,
    -6.732,
    -8.0841,
    -6.9215,
    -7.4926,
    -8.0805,
    -6.5674,
    -7.3117,
    -7.7268,
    -7.7387,
    -6.5584,
    -6.4772,
    -5.6098,
    -6.8125,
    -5.8623,
    -5.538,
    -5.7649,
    -8.9288,
    -5.6942
  ],
  "eval_std": [
    9.3358,
    9.3695,
    9.3485,
    9.3531,
    9.3278,
    9.0564,
    8.4393,
    9.1564,
    8.8785,
    9.6321,
    9.0845,
    9.2334,
    8.8602,
    8.9958,
    9.1954,
    8.6058,
    9.3203,
    9.1576,
    8.7257,
    8.2407
  ],
  "eval_cvar95": [
    28.2696,
    27.0536,
    26.705,
    27.1458,
    30.2247,
    27.4253,
    27.6299,
    25.2694,
    29.971,
    28.8762,
    29.1004,
    27.5715,
    28.875,
    28.0564,
    28.4198,
    27.2717,
    25.2892,
    29.0433,
    24.5976,
    27.1401
  ],
  "actor_loss": [
    0.03171,
    0.05466,
    0.05613,
    0.07775,
    0.02434,
    0.05,
    0.06465,
    0.03063,
    0.04328,
    0.02377,
    0.06355,
    0.02527,
    0.04371,
    0.07241,
    0.04834,
    0.07476,
    0.06596,
    0.07492,
    0.02764,
    0.02441
  ],
  "critic_loss": [
    0.24923,
    0.8082,
    0.64385,
    0.5476,
    0.31448,
    0.67161,
    0.42261,
    0.69762,
    0.52225,
    0.55523,
    0.75277,
    0.26492,
    0.60513,
    0.33806,
    0.7657,
    0.54219,
    0.89209,
    0.32806,
    0.87411,
    0.76064
  ],
  "wall_time": [
    11.8,
    307.0,
    602.3,
    897.5,
    1192.8,
    1488.0,
    1783.3,
    2078.5,
    2373.7,
    2669.0,
    2964.2,
    3259.5,
    3554.7,
    3849.9,
    4145.2,
    4440.4,
    4735.7,
    5030.9,
    5326.2,
    5621.4
  ]
}