{
  "tc_0.001": [
    {
      "label": "Black-Scholes",
      "mean": -0.9167222380638123,
      "std": 0.20202313363552094,
      "cvar95": 1.3600436449050903,
      "sharpe": -4.5377092361450195,
      "min": -1.581993579864502,
      "max": -0.41416871547698975
    },
    {
      "label": "TD3",
      "mean": -0.9632141590118408,
      "std": 0.24100000858306885,
      "cvar95": 1.5120000839233398,
      "sharpe": -3.9910001754760742,
      "min": -1.8245000839233398,
      "max": 0.19320000708103
    },
    {
      "label": "DDPG",
      "mean": -7.077442169189453,
      "std": 9.417726516723633,
      "cvar95": 28.142683029174805,
      "sharpe": -0.7515022158622742,
      "min": -40.54310989379883,
      "max": 24.29290008544922
    }
  ]
}