{
  "episode": [
    250,
    500,
    750,
    1000,
    1250,
    1500,
    1750,
    2000,
    2250,
    2500,
    2750,
    3000,
    3250,
    3500,
    3750,
    4000,
    4250,
    4500,
    4750,
    5000
  ],
  "train_pnl": [
    -6.017,
    -5.1788,
    -5.3908,
    -4.2873,
    -4.1765,
    -3.5118,
    -3.6181,
    -3.2903,
    -3.0271,
    -2.02,
    -2.4241,
    -2.3628,
    -2.5931,
    -1.7227,
    -2.4632,
    -1.3585,
    -1.4458,
    -1.8205,
    -1.4001,
    -1.8515
  ],
  "eval_mean": [
    -6.1479,
    -5.5298,
    -4.869,
    -4.4361,
    -4.0778,
    -3.5894,
    -3.143,
    -2.8942,
    -2.837,
    -2.6811,
    -2.4085,
    -2.1576,
    -2.2919,
    -1.9081,
    -1.9166,
    -1.7546,
    -1.6442,
    -1.54,
    -1.3853,
    -1.2507
  ],
  "eval_std": [
    2.0359,
    1.8193,
    1.5041,
    1.3468,
    1.2013,
    1.027,
    0.8734,
    0.7647,
    0.6972,
    0.6514,
    0.5406,
    0.5204,
    0.4782,
    0.4688,
    0.4241,
    0.403,
    0.3399,
    0.3417,
    0.362,
    0.3766
  ],
  "eval_cvar95": [
    24.8825,
    22.8467,
    19.8283,
    17.0302,
    14.6146,
    12.4759,
    11.7761,
    10.6675,
    9.4224,
    8.1796,
    6.8438,
    5.3261,
    5.298,
    5.0883,
    3.6527,
    4.0973,
    3.7742,
    3.6154,
    2.425,
    2.4716
  ],
  "actor_loss": [
    0.03117,
    0.04143,
    0.02659,
    0.03938,
    0.03845,
    0.04728,
    0.0146,
    0.03916,
    0.0471,
    0.04872,
    0.01059,
    0.04455,
    0.04925,
    0.04829,
    0.01595,
    0.04891,
    0.0456,
    0.04289,
    0.0292,
    0.01929
  ],
  "critic_loss": [
    0.42075,
    0.46941,
    0.20645,
    0.31557,
    0.2771,
    0.47241,
    0.1162,
    0.3928,
    0.34575,
    0.11135,
    0.38769,
    0.1064,
    0.40318,
    0.3051,
    0.47164,
    0.12643,
    0.43653,
    0.12668,
    0.23772,
    0.27212
  ],
  "wall_time": [
    12.3,
    319.2,
    626.1,
    933.0,
    1240.0,
    1546.9,
    1853.8,
    2160.7,
    2467.6,
    2774.5,
    3081.5,
    3388.4,
    3695.3,
    4002.2,
    4309.1,
    4616.0,
    4923.0,
    5229.9,
    5536.8,
    5843.7
  ]
}